{
    "global_scale": 1.124555498871481,
    "2": {
        "plane_pos": [
            459.7372032939434,
            260.54738987451725
        ],
        "manual_scale": 1.0
    },
    "1": {
        "plane_pos": [
            500.0,
            40.0
        ],
        "manual_scale": 1.0
    }
}